{ "swagger": "2.0",
    "info": {
        "description": "SMMT documentation",
        "version": "1.0",
        "title": "Social Media Monitoring Tool (SMMT)",
        "termsOfService": "https://github.com/MKLab-ITI/mmdemo-dockerized",
        "contact": {
            "name": "Manos Schinas",
            "email": "manosetro@iti.gr"
        },
        "license": {
            "name": "Apache 2.0",
            "url": "http://www.apache.org/licenses/LICENSE-2.0.html"
        }
    },
    "host": "smmt.step.green",
    "basePath": "/api",
    "schemes": [
      "http"
    ],
    "consumes": [
      "application/json"
    ],
    "produces": [
      "application/json"
    ],
    "paths": {
        "/items": {
            "get": {
                "tags": [
                    "content"
                ],
                "summary": "Returns a set of items",
                "description": "Returns a set of items based on the filters specified as query parameters",
                "operationId": "getRelations",
                "consumes": [
                    "application/json"
                ],
                "produces": [
                    "application/json"
                ],
                "parameters": [
                    {
                        "in": "query",
                        "name": "since",
                        "description": "Filter results since a date",
                        "required": false,
                        "type": "string"
                    },
                    {
                        "in": "query",
                        "name": "until",
                        "description": "Filter results until a date",
                        "required": false,
                        "type": "string"
                    },
                    {
                        "in": "query",
                        "name": "source",
                        "description": "Filter by source",
                        "required": false,
                        "type": "string"
                    },
                    {
                        "in": "query",
                        "name": "language",
                        "description": "Filter by language",
                        "required": false,
                        "type": "string"
                    },
                    {
                        "in": "query",
                        "name": "original",
                        "description": "Filter and return only orinigal items",
                        "required": false,
                        "type": "string"
                    },
                    {
                        "in": "query",
                        "name": "unique",
                        "description": "Filter and return only unique items in terms of the textual content",
                        "required": false,
                        "type": "string"
                    },
                    {
                        "in": "query",
                        "name": "type",
                        "description": "Text ot multimedia items",
                        "required": false,
                        "type": "string"
                    },
                    {
                        "in": "query",
                        "name": "sort",
                        "description": "Sort items by recency, relevance or popularity",
                        "required": false,
                        "type": "string"
                    },
                    {
                        "in": "query",
                        "name": "q",
                        "description": "Query term for free text search",
                        "required": false,
                        "type": "string"
                    },
                    {
                        "in": "query",
                        "name": "topicQuery",
                        "description": "",
                        "required": false,
                        "type": "string"
                    },
                    {
                        "in": "query",
                        "name": "collection",
                        "description": "Filter by collection ID",
                        "required": false,
                        "type": "string"
                    },
                    {
                        "in": "query",
                        "name": "concepts",
                        "description": "Filter by concepts",
                        "required": false,
                        "type": "string"
                    },
                    {
                        "in": "query",
                        "name": "pageNumber",
                        "description": "Page number used for pagination",
                        "required": false,
                        "type": "integer",
                        "default": 1
                    },
                    {
                        "in": "query",
                        "name": "nPerPage",
                        "description": "Number of the results",
                        "required": false,
                        "type": "integer",
                        "default": 6
                    }
                ],
                "responses": {
                    "405": {
                        "description": "Invalid input"
                    }
                }
            }
        },
        "/items/{id}": {
            "get": {
                "tags": [
                    "content"
                ],
                "summary": "Returns an item",
                "description": "Returns a specific item",
                "operationId": "item",
                "consumes": [
                    "application/json"
                ],
                "produces": [
                    "application/json"
                ],
                "parameters": [
                    {
                        "in": "path",
                        "name": "id",
                        "description": "Get an item",
                        "required": true,
                        "type": "string"
                    }
                ],
                "responses": {
                    "200": {
                        "description": "successful operation"
                    },
                    "405": {
                        "description": "Invalid input"
                    }
                }
            }
        },
        "/articles": {
            "get": {
                "tags": [
                    "content"
                ],
                "summary": "Returns a set of relevant articles",
                "description": "",
                "operationId": "item",
                "consumes": [
                    "application/json"
                ],
                "produces": [
                    "application/json"
                ],
                "parameters": [
                    {
                      "in": "query",
                      "name": "collection",
                      "description": "Filter articles by collection ID",
                      "required": false,
                      "type": "string"
                    },
                    {
                        "in": "query",
                        "name": "pageNumber",
                        "description": "Page number used for pagination",
                        "required": false,
                        "type": "integer",
                        "default": 1
                    },
                    {
                        "in": "query",
                        "name": "nPerPage",
                        "description": "Number of the results",
                        "required": false,
                        "type": "integer",
                        "default": 6
                    }
                ],
                "responses": {
                    "200": {
                        "description": "successful operation"
                    },
                    "405": {
                        "description": "Invalid input"
                    }
                }
            }
        },
        "/collection/{uid}": {
            "get": {
                "tags": [
                    "collections"
                ],
                "summary": "Returns a user's collections",
                "description": "",
                "operationId": "collection_uid",
                "consumes": [
                    "application/json"
                ],
                "produces": [
                    "application/json"
                ],
                "parameters": [
                    {
                        "in": "path",
                        "name": "uid",
                        "description": "Qwner Id",
                        "required": true,
                        "type": "string",
                        "default": "1234567890"
                    },
                    {
                        "in": "query",
                        "name": "pageNumber",
                        "description": "Page number",
                        "required": false,
                        "type": "integer",
                        "default": 1
                    },
                    {
                        "in": "query",
                        "name": "nPerPage",
                        "description": "Number of the results",
                        "required": false,
                        "type": "integer",
                        "default": 6
                    },
                    {
                        "in": "query",
                        "name": "status",
                        "description": "The status of the collections to be returned (all/stopped/running)",
                        "required": false,
                        "type": "string"
                    }
                ],
                "responses": {
                    "200": {
                        "description": "successful operation"
                    },
                    "405": {
                        "description": "Invalid input"
                    }
                }
            }
        },
        "/collection/{uid}/{cid}": {
            "get": {
                "tags": [
                    "collections"
                ],
                "summary": "Returns a user's collection",
                "description": "",
                "operationId": "collection_uid_cid",
                "consumes": [
                    "application/json"
                ],
                "produces": [
                    "application/json"
                ],
                "parameters": [
                    {
                        "in": "path",
                        "name": "uid",
                        "description": "Qwner Id",
                        "required": true,
                        "type": "string",
                        "default": "1234567890"
                    },
                    {
                        "in": "path",
                        "name": "cid",
                        "description": "Collection Id",
                        "required": true,
                        "type": "string"
                    },
                    {
                        "in": "query",
                        "name": "pageNumber",
                        "description": "Page number",
                        "required": false,
                        "type": "integer",
                        "default": 1
                    },
                    {
                        "in": "query",
                        "name": "nPerPage",
                        "description": "Number of the results",
                        "required": false,
                        "type": "integer",
                        "default": 6
                    }
                ],
                "responses": {
                    "200": {
                        "description": "successful operation"
                    },
                    "405": {
                        "description": "Invalid input"
                    }
                }
            }
        },
        "/collection/delete/{cid}": {
            "get": {
                "tags": [
                    "collections"
                ],
                "summary": "Deletes a collection",
                "description": "",
                "operationId": "delete_collection",
                "consumes": [
                    "application/json"
                ],
                "produces": [
                    "application/json"
                ],
                "parameters": [
                    {
                        "in": "path",
                        "name": "cid",
                        "description": "Collection Id",
                        "required": true,
                        "type": "string"
                    }
                ],
                "responses": {
                    "200": {
                        "description": "successful operation"
                    },
                    "405": {
                        "description": "Invalid input"
                    }
                }
            }
        },
        "/collection/edit/": {
            "post": {
                "tags": [
                    "collections"
                ],
                "summary": "Edits a collection",
                "description": "",
                "operationId": "edit_collection",
                "consumes": [
                    "application/json"
                ],
                "produces": [
                    "application/json"
                ],
                "parameters": [
                    {
                        "in": "query",
                        "name": "stop",
                        "description": "????",
                        "required": true,
                        "type": "string"
                    }
                ],
                "responses": {
                    "200": {
                        "description": "successful operation"
                    },
                    "405": {
                        "description": "Invalid input"
                    }
                }
            }
        },
        "/collection": {
            "post": {
                "tags": [
                    "collections"
                ],
                "summary": "Inserts a collection",
                "description": "",
                "operationId": "insert_collection",
                "consumes": [
                    "application/json"
                ],
                "produces": [
                    "application/json"
                ],
                "responses": {
                    "200": {
                        "description": "successful operation"
                    },
                    "405": {
                        "description": "Invalid input"
                    }
                }
            }
        },
        "/top/{field}": {
            "get": {
                "tags": [
                    "statistics"
                ],
                "summary": "Top counts for field",
                "description": "get top counts for the specified field",
                "operationId": "top",
                "consumes": [
                    "application/json"
                ],
                "produces": [
                    "application/json"
                ],
                "parameters": [
                    {
                        "in": "path",
                        "name": "field",
                        "description": "field",
                        "required": true,
                        "type": "string"
                    },
                    {
                        "in": "query",
                        "name": "since",
                        "description": "since",
                        "required": false,
                        "type": "string"
                    },
                    {
                        "in": "query",
                        "name": "until",
                        "description": "until",
                        "required": false,
                        "type": "string"
                    },
                    {
                        "in": "query",
                        "name": "language",
                        "description": "Filter by language",
                        "required": false,
                        "type": "string"
                    },
                    {
                        "in": "query",
                        "name": "source",
                        "description": "Filter by source",
                        "required": false,
                        "type": "string"
                    },
                    {
                        "in": "query",
                        "name": "original",
                        "description": "Filter and return only orinigal items",
                        "required": false,
                        "type": "string"
                    },
                    {
                        "in": "query",
                        "name": "unique",
                        "description": "Filter and return only non-duplicate items",
                        "required": false,
                        "type": "string"
                    },
                    {
                        "in": "query",
                        "name": "concepts",
                        "description": "Filter by concepts",
                        "required": false,
                        "type": "string"
                    },
                    {
                        "in": "query",
                        "name": "type",
                        "description": "",
                        "required": false,
                        "type": "string"
                    },
                    {
                        "in": "query",
                        "name": "n",
                        "description": "Number of top counts",
                        "required": false,
                        "type": "integer",
                        "default": 20
                    },
                    {
                        "in": "query",
                        "name": "q",
                        "description": "Query term",
                        "required": false,
                        "type": "string"
                    },
                    {
                        "in": "query",
                        "name": "collection",
                        "description": "the collection for the top counts are produced",
                        "required": false,
                        "type": "string"
                    },
                    {
                        "in": "query",
                        "name": "topicQuery",
                        "description": "",
                        "required": false,
                        "type": "string"
                    }

                ],
                "responses": {
                    "200": {
                        "description": "successful operation"
                    },
                    "405": {
                        "description": "Invalid input"
                    }
                }
            }
        },
        "/terms": {
            "get": {
                "tags": [
                    "statistics"
                ],
                "summary": "Top terms",
                "description": "",
                "operationId": "top_terms",
                "consumes": [
                    "application/json"
                ],
                "produces": [
                    "application/json"
                ],
                "parameters": [
                    {
                        "in": "query",
                        "name": "since",
                        "description": "Filter results since a date",
                        "required": false,
                        "type": "string"
                    },
                    {
                        "in": "query",
                        "name": "until",
                        "description": "Filter results until a date",
                        "required": false,
                        "type": "string"
                    },
                    {
                        "in": "query",
                        "name": "n",
                        "description": "Number of the results",
                        "required": true,
                        "type": "integer",
                        "default": 10
                    },
                    {
                        "in": "query",
                        "name": "collection",
                        "description": "Filter by collection ID",
                        "required": false,
                        "type": "string"
                    },
                    {
                        "in": "query",
                        "name": "original",
                        "description": "Filter and return only orinigal items",
                        "required": false,
                        "type": "string"
                    },
                    {
                        "in": "query",
                        "name": "unique",
                        "description": "Filter and return only non-duplicate items",
                        "required": false,
                        "type": "string"
                    },
                    {
                        "in": "query",
                        "name": "concepts",
                        "description": "Filter by concepts",
                        "required": false,
                        "type": "string"
                    },
                    {
                        "in": "query",
                        "name": "type",
                        "description": "",
                        "required": false,
                        "type": "string"
                    },
                    {
                        "in": "query",
                        "name": "language",
                        "description": "Filter by language",
                        "required": false,
                        "type": "string"
                    },
                    {
                        "in": "query",
                        "name": "source",
                        "description": "Filter by source",
                        "required": false,
                        "type": "string"
                    },
                    {
                        "in": "query",
                        "name": "q",
                        "description": "Query term",
                        "required": false,
                        "type": "string"
                    },
                    {
                        "in": "query",
                        "name": "topicQuery",
                        "description": "",
                        "required": false,
                        "type": "string"
                    }
                ],
                "responses": {
                    "200": {
                        "description": "successful operation"
                    },
                    "405": {
                        "description": "Invalid input"
                    }
                }
            }
        },
        "/users": {
            "get": {
                "tags": [
                    "statistics"
                ],
                "summary": "Top users",
                "description": "get top users based on number of associated items ",
                "operationId": "top",
                "consumes": [
                    "application/json"
                ],
                "produces": [
                    "application/json"
                ],
                "parameters": [
                    {
                        "in": "path",
                        "name": "field",
                        "description": "field",
                        "required": true,
                        "type": "string"
                    },
                    {
                        "in": "query",
                        "name": "since",
                        "description": "since",
                        "required": false,
                        "type": "string"
                    },
                    {
                        "in": "query",
                        "name": "until",
                        "description": "until",
                        "required": false,
                        "type": "string"
                    },
                    {
                        "in": "query",
                        "name": "language",
                        "description": "Filter by language",
                        "required": false,
                        "type": "string"
                    },
                    {
                        "in": "query",
                        "name": "source",
                        "description": "Filter by source",
                        "required": false,
                        "type": "string"
                    },
                    {
                        "in": "query",
                        "name": "original",
                        "description": "Filter and return only orinigal items",
                        "required": false,
                        "type": "string"
                    },
                    {
                        "in": "query",
                        "name": "unique",
                        "description": "Filter and return only non-duplicate items",
                        "required": false,
                        "type": "string"
                    },
                    {
                        "in": "query",
                        "name": "concepts",
                        "description": "Filter by concepts",
                        "required": false,
                        "type": "string"
                    },
                    {
                        "in": "query",
                        "name": "type",
                        "description": "",
                        "required": false,
                        "type": "string"
                    },
                    {
                        "in": "query",
                        "name": "n",
                        "description": "Number of top counts",
                        "required": false,
                        "type": "integer",
                        "default": 20
                    },
                    {
                        "in": "query",
                        "name": "q",
                        "description": "Query term",
                        "required": false,
                        "type": "string"
                    },
                    {
                        "in": "query",
                        "name": "collection",
                        "description": "the collection id",
                        "required": false,
                        "type": "string"
                    },
                    {
                        "in": "query",
                        "name": "topicQuery",
                        "description": "",
                        "required": false,
                        "type": "string"
                    }
                ],
                "responses": {
                    "200": {
                        "description": "successful operation"
                    },
                    "405": {
                        "description": "Invalid input"
                    }
                }
            }
        },
        "/heatmap/points": {
            "get": {
                "tags": [
                    "statistics"
                ],
                "summary": "Heatmap points",
                "description": "",
                "operationId": "heatmap",
                "consumes": [
                    "application/json"
                ],
                "produces": [
                    "application/json"
                ],
                "parameters": [
                    {
                        "in": "query",
                        "name": "since",
                        "description": "Filter results since a date",
                        "required": false,
                        "type": "string"
                    },
                    {
                        "in": "query",
                        "name": "until",
                        "description": "Filter results until a date",
                        "required": false,
                        "type": "string"
                    },
                    {
                        "in": "query",
                        "name": "collection",
                        "description": "Filter by collection ID",
                        "required": false,
                        "type": "string"
                    },
                    {
                        "in": "query",
                        "name": "source",
                        "description": "Filter by source",
                        "required": false,
                        "type": "string"
                    },
                    {
                        "in": "query",
                        "name": "q",
                        "description": "Query term",
                        "required": false,
                        "type": "string"
                    },
                    {
                        "in": "query",
                        "name": "topicQuery",
                        "description": "",
                        "required": false,
                        "type": "string"
                    },
                    {
                        "in": "query",
                        "name": "minLat",
                        "description": "",
                        "required": false,
                        "type": "integer",
                        "default": -90
                    },
                    {
                        "in": "query",
                        "name": "maxLat",
                        "description": "",
                        "required": false,
                        "type": "integer",
                        "default": 90
                    },
                    {
                        "in": "query",
                        "name": "minLong",
                        "description": "",
                        "required": false,
                        "type": "integer",
                        "default": -180
                    },
                    {
                        "in": "query",
                        "name": "maxLong",
                        "description": "",
                        "required": false,
                        "type": "integer",
                        "default": 180
                    }
                ],
                "responses": {
                    "200": {
                        "description": "successful operation"
                    },
                    "405": {
                        "description": "Invalid input"
                    }
                }
            }
        },
        "/timeline": {
            "get": {
                "tags": [
                    "statistics"
                ],
                "summary": "Timeline",
                "description": "",
                "operationId": "timeline",
                "consumes": [
                    "application/json"
                ],
                "produces": [
                    "application/json"
                ],
                "parameters": [
                    {
                        "in": "query",
                        "name": "since",
                        "description": "Filter results since a date",
                        "required": false,
                        "type": "string"
                    },
                    {
                        "in": "query",
                        "name": "until",
                        "description": "Filter results until a date",
                        "required": false,
                        "type": "string"
                    },
                    {
                        "in": "query",
                        "name": "collection",
                        "description": "Filter by collection ID",
                        "required": false,
                        "type": "string"
                    },
                    {
                        "in": "query",
                        "name": "source",
                        "description": "Filter by source",
                        "required": false,
                        "type": "string"
                    },
                    {
                        "in": "query",
                        "name": "q",
                        "description": "Query term",
                        "required": false,
                        "type": "string"
                    },
                    {
                        "in": "query",
                        "name": "topicQuery",
                        "description": "",
                        "required": false,
                        "type": "string"
                    },
                    {
                        "in": "query",
                        "name": "unique",
                        "description": "Filter and return only non-duplicate items",
                        "required": false,
                        "type": "string"
                    },
                    {
                        "in": "query",
                        "name": "concepts",
                        "description": "Filter by concepts",
                        "required": false,
                        "type": "string"
                    }
                ],
                "responses": {
                    "200": {
                        "description": "successful operation"
                    },
                    "405": {
                        "description": "Invalid input"
                    }
                }
            }
        },
        "/statistics": {
            "get": {
                "tags": [
                    "statistics"
                ],
                "summary": "Statistics",
                "description": "",
                "operationId": "statistics",
                "consumes": [
                    "application/json"
                ],
                "produces": [
                    "application/json"
                ],
                "parameters": [
                    {
                        "in": "query",
                        "name": "since",
                        "description": "Filter results since a date",
                        "required": false,
                        "type": "string"
                    },
                    {
                        "in": "query",
                        "name": "until",
                        "description": "Filter results until a date",
                        "required": false,
                        "type": "string"
                    },
                    {
                        "in": "query",
                        "name": "collection",
                        "description": "Filter by collection ID",
                        "required": false,
                        "type": "string"
                    },
                    {
                        "in": "query",
                        "name": "source",
                        "description": "Filter by source",
                        "required": false,
                        "type": "string"
                    },
                    {
                        "in": "query",
                        "name": "q",
                        "description": "Query term",
                        "required": false,
                        "type": "string"
                    },
                    {
                        "in": "query",
                        "name": "topicQuery",
                        "description": "",
                        "required": false,
                        "type": "string"
                    },
                    {
                        "in": "query",
                        "name": "time",
                        "description": "",
                        "required": false,
                        "type": "string"
                    }
                ],
                "responses": {
                    "200": {
                        "description": "successful operation"
                    },
                    "405": {
                        "description": "Invalid input"
                    }
                }
            }
        },
        "/topics": {
            "get": {
                "tags": [
                    "statistics"
                ],
                "summary": "Topics",
                "description": "",
                "operationId": "topics",
                "consumes": [
                    "application/json"
                ],
                "produces": [
                    "application/json"
                ],
                "parameters": [
                    {
                        "in": "query",
                        "name": "since",
                        "description": "Filter results since a date",
                        "required": false,
                        "type": "string"
                    },
                    {
                        "in": "query",
                        "name": "until",
                        "description": "Filter results until a date",
                        "required": false,
                        "type": "string"
                    },
                    {
                        "in": "query",
                        "name": "collection",
                        "description": "Filter by collection ID",
                        "required": false,
                        "type": "string"
                    },
                    {
                        "in": "query",
                        "name": "source",
                        "description": "Filter by source",
                        "required": false,
                        "type": "string"
                    },
                    {
                        "in": "query",
                        "name": "q",
                        "description": "Query term",
                        "required": false,
                        "type": "string"
                    },
                    {
                        "in": "query",
                        "name": "topicQuery",
                        "description": "",
                        "required": false,
                        "type": "string"
                    },
                    {
                        "in": "query",
                        "name": "time",
                        "description": "",
                        "required": false,
                        "type": "string"
                    }
                ],
                "responses": {
                    "200": {
                        "description": "successful operation"
                    },
                    "405": {
                        "description": "Invalid input"
                    }
                }
            }
        },
        "/suggest": {
            "get": {
                "tags": [
                    "statistics"
                ],
                "summary": "Suggest",
                "description": "",
                "operationId": "suggestions",
                "consumes": [
                    "application/json"
                ],
                "produces": [
                    "application/json"
                ],
                "parameters": [
                    {
                        "in": "query",
                        "name": "since",
                        "description": "Filter results since a date",
                        "required": false,
                        "type": "string"
                    },
                    {
                        "in": "query",
                        "name": "until",
                        "description": "Filter results until a date",
                        "required": false,
                        "type": "string"
                    },
                    {
                        "in": "query",
                        "name": "collection",
                        "description": "Filter by collection ID",
                        "required": false,
                        "type": "string"
                    },
                    {
                        "in": "query",
                        "name": "source",
                        "description": "Filter by source",
                        "required": false,
                        "type": "string"
                    },
                    {
                        "in": "query",
                        "name": "q",
                        "description": "Query term",
                        "required": false,
                        "type": "string"
                    },
                    {
                        "in": "query",
                        "name": "topicQuery",
                        "description": "",
                        "required": false,
                        "type": "string"
                    },
                    {
                        "in": "query",
                        "name": "time",
                        "description": "",
                        "required": false,
                        "type": "string"
                    }
                ],
                "responses": {
                    "200": {
                        "description": "successful operation"
                    },
                    "405": {
                        "description": "Invalid input"
                    }
                }
            }
        },
        "/concepts": {
            "get": {
                "tags": [
                    "statistics"
                ],
                "summary": "Concepts",
                "description": "Return top concepts",
                "operationId": "suggestions",
                "consumes": [
                    "application/json"
                ],
                "produces": [
                    "application/json"
                ],
                "parameters": [
                    {
                        "in": "query",
                        "name": "since",
                        "description": "Filter results since a date",
                        "required": false,
                        "type": "string"
                    },
                    {
                        "in": "query",
                        "name": "until",
                        "description": "Filter results until a date",
                        "required": false,
                        "type": "string"
                    },
                    {
                        "in": "query",
                        "name": "collection",
                        "description": "Filter by collection ID",
                        "required": false,
                        "type": "string"
                    },
                    {
                        "in": "query",
                        "name": "source",
                        "description": "Filter by source",
                        "required": false,
                        "type": "string"
                    },
                    {
                        "in": "query",
                        "name": "q",
                        "description": "Query term",
                        "required": false,
                        "type": "string"
                    },
                    {
                        "in": "query",
                        "name": "topicQuery",
                        "description": "",
                        "required": false,
                        "type": "string"
                    },
                    {
                        "in": "query",
                        "name": "time",
                        "description": "",
                        "required": false,
                        "type": "string"
                    }
                ],
                "responses": {
                    "200": {
                        "description": "successful operation"
                    },
                    "405": {
                        "description": "Invalid input"
                    }
                }
            }
        }

    }
}
